id,email,password,username
1,djgvwnxg@example.com,zdFNnPxMtBaQsbOz,djgvwnxg
2,kgzthhhk@example.com,m1JOCuiPmyw4BdRH,kgzthhhk
3,kugxdszs@example.com,uIaDJNA9oE81SpvD,kugxdszs
4,suvjhdvf@example.com,MhbdlAUNGI7vUFWw,suvjhdvf
5,mxtpbjzt@example.com,r9oWCmxoGUVZa106,mxtpbjzt
6,nfmbyaxv@example.com,cBhwfVhnwQzlAi2G,nfmbyaxv
7,wckmijlq@example.com,Tk89pfpe9P6O5XLZ,wckmijlq
8,cupiedhs@example.com,IxY0leT9DzdlwPyu,cupiedhs
9,lnjzdjdf@example.com,kM56Ksk0Mxt56Utr,lnjzdjdf
10,zivmwhgy@example.com,KbvebIb1kIAouzMn,zivmwhgy
11,ibjjztxa@example.com,ZNuCgz1FONX9Sn7y,ibjjztxa
12,eqcpwduc@example.com,geeHovw1i8MJV15L,eqcpwduc
13,jcpvquoo@example.com,kD9RKK2FJwOgFDDx,jcpvquoo
14,vnuzhvdn@example.com,NX4cLg77MmilgcyD,vnuzhvdn
15,xmlgcccz@example.com,fdG4RRe6wTbvyZGu,xmlgcccz
16,toxinvlw@example.com,C2FGTgC91v3KGAkn,toxinvlw
17,hcckcjer@example.com,NwQ77T59dgXYdfXP,hcckcjer
18,ojctmqbd@example.com,u33iSIAORrKc7yc5,ojctmqbd
19,iaaxmxbd@example.com,NLY7gedHhswsNqgM,iaaxmxbd
20,majkcsqc@example.com,hT0OfR03olj0C16M,majkcsqc
21,crdhtgra@example.com,LreANDg8UHuWJkX0,crdhtgra
22,uirqksyc@example.com,t7tM9HOqCxpZQlox,uirqksyc
23,psaasfsf@example.com,crxZgD8KElnm9zyb,psaasfsf
24,djlmifjk@example.com,Rn9tt2O5dlgcm4ZJ,djlmifjk
25,tnswwwcj@example.com,WzfBb9fuyzp6nuuH,tnswwwcj
26,cemaxgkk@example.com,Ai0dugKvbbh1MzHU,cemaxgkk
27,wbaktkyb@example.com,h3UIUhMj9gfrodap,wbaktkyb
28,nypmphkd@example.com,XgZDWUTY416I8XBQ,nypmphkd
29,zokngcho@example.com,xml2HcDamdOx2IiW,zokngcho
30,fosaugaz@example.com,cVGHzPr7MsgwTsKZ,fosaugaz
31,hptrcpad@example.com,FBnoV5saPXaLgIdP,hptrcpad
32,efqhpioh@example.com,nCpkTpU6Q3iy3N1g,efqhpioh
33,nvndrhbb@example.com,zMTEzNBFGjzw8adz,nvndrhbb
34,ajjashwg@example.com,QkCbo8XTvXQkfhoH,ajjashwg
35,jmurtccw@example.com,olLB1tcfwLGilkqG,jmurtccw
36,nwgemxao@example.com,ecuNaIbqsQIAb41h,nwgemxao
37,wunnwcmx@example.com,kYxHoFAyMcJG9WQO,wunnwcmx
38,emcbonel@example.com,T4GHZcrc8C1mCa9R,emcbonel
39,kesspnat@example.com,XWn0bPviYtw3V5kJ,kesspnat
40,bvsyeeel@example.com,XfhwscoLo5VNqdSP,bvsyeeel
41,ifltbppj@example.com,G2CgE4FduOjXLUtJ,ifltbppj
42,ilxthwto@example.com,PYqsuDpmEoHVZHXq,ilxthwto
43,qulgcron@example.com,hqsiEyTVjB1dteHx,qulgcron
44,vxsdpllb@example.com,xK0EOhdICjlE0zC3,vxsdpllb
45,phdddyxg@example.com,br4EgCt123ZqWBh3,phdddyxg
46,sbxmakux@example.com,4Es1CHfxugXT32iE,sbxmakux
47,cjpcebeh@example.com,2nLbzFTgaMxmKsuW,cjpcebeh
48,ppwrvkss@example.com,wpOxwSjjoyxcIZdQ,ppwrvkss
49,qyaasfdv@example.com,c2F5gJBsNzSOiDaI,qyaasfdv
50,uekewldd@example.com,rWZdyja7wQe9Yhmj,uekewldd
51,kaptdgcq@example.com,fucfeFGkfuw32WWn,kaptdgcq
52,yvnbvrfh@example.com,EXH7vH44Hig6Cr9S,yvnbvrfh
53,zapjlhfi@example.com,CQoaMUiVT5MIZhkP,zapjlhfi
54,dlvjaujs@example.com,kKolQ2UCWWbUcseo,dlvjaujs
55,drzqtonx@example.com,0LRv0Tj8crS40egs,drzqtonx
56,adbyifxw@example.com,n4izMCPawIzAPA15,adbyifxw
57,nafanesr@example.com,ISNsjLsCylGEinVd,nafanesr
58,qkayfmdy@example.com,n7rIK35SSXBQwt1l,qkayfmdy
59,fqqmwnuo@example.com,Rs0ODKbw7ijL7Dt0,fqqmwnuo
60,aqpiyjad@example.com,ladm7XDqt6A94Mev,aqpiyjad
61,esiaxuhn@example.com,TdZIPKLZqZsGkh01,esiaxuhn
62,hbhevnfv@example.com,hfVya4sl9sHq84kU,hbhevnfv
63,moskwjpl@example.com,1tKjbETsil6oKspz,moskwjpl
64,skfanczj@example.com,DN7h382d62IYztUE,skfanczj
65,gxyggboy@example.com,dVIuBoKu9SC9H3pR,gxyggboy
66,flopydaa@example.com,kGvRGvMEA9sKfNtq,flopydaa
67,dsthvvzm@example.com,3MMpVS1b1wlsQCor,dsthvvzm
68,tjryckyw@example.com,NDR9JUqm9s4nWFV9,tjryckyw
69,jhsmkivs@example.com,LkxStDkNVHecJ0jy,jhsmkivs
70,odruaacz@example.com,bFZlxBHE23dZP9Oi,odruaacz
71,xavgqodc@example.com,ti3MX6X1rqNRgC5e,xavgqodc
72,vvjhxdhm@example.com,4fLdRcdt0Rmp82MU,vvjhxdhm
73,pcwjlylo@example.com,p3IeCBkfoK16TQCH,pcwjlylo
74,rhmklrnj@example.com,cEJ274lrBh4I5IVE,rhmklrnj
75,hgatxobv@example.com,WoOgdXG6OUMJKK5A,hgatxobv
76,letafvyu@example.com,TqyYQIpce5X18mYI,letafvyu
77,ltwzyimx@example.com,gKLThbtqUNhMDvTJ,ltwzyimx
78,suhqnqlj@example.com,vgJ8sRgXJYURlwoT,suhqnqlj
79,fthmglqm@example.com,TXVqSD3A5GVoXOOb,fthmglqm
80,enidlizy@example.com,yCiAOZuYAnGsW5Kf,enidlizy
81,adapklku@example.com,JqDmJhbfz2DXpcQe,adapklku
82,yzriqydo@example.com,caONtxxl3dHRJWVF,yzriqydo
83,fnimvmsq@example.com,g2wOIGVKqlj962Gm,fnimvmsq
84,mfnnvpfx@example.com,r1GNAi9SjNkaocPI,mfnnvpfx
85,sugoneli@example.com,u9f8Ldi9hwLmLveR,sugoneli
86,qaqtwchx@example.com,zgfnOxGeQoatNgFB,qaqtwchx
87,qxbsxzsz@example.com,6RuwQgWCc7kkEzW9,qxbsxzsz
88,lzfipbzj@example.com,qm52ELnaKKGSa4P8,lzfipbzj
89,eizmtyth@example.com,HmzHUTt8lsc0y9x0,eizmtyth
90,nqlqpupq@example.com,TFZ1tsxmmHOkP43d,nqlqpupq
91,eapphqnv@example.com,S8KFnLgNWEuIwKRB,eapphqnv
92,kdbydskw@example.com,8EZ2N2UrQp4B7TeA,kdbydskw
93,gzjkyevu@example.com,5dLNA7bfd3M1ubkp,gzjkyevu
94,xkdnpsko@example.com,9MS2QOCv5XfDC8hQ,xkdnpsko
95,wtvrguqc@example.com,JxpktyD8S4iBwbPv,wtvrguqc
96,lvpzhhgy@example.com,42Rf1ULE3D4WFExb,lvpzhhgy
97,yhherqjd@example.com,iU7CcMRi7EU3l2ii,yhherqjd
98,kvccnjoa@example.com,AEq7WamTR6GfzqdA,kvccnjoa
99,qesyvnme@example.com,Z1Zg0OwB6uJro52e,qesyvnme
100,dbhrjgnu@example.com,wpFPavyMauond3to,dbhrjgnu
101,jjrgcxep@example.com,apy1e7ijy6mx8xts,jjrgcxep
102,thgwbjzp@example.com,SU8VI6YWzt3zN9BX,thgwbjzp
103,xcbtwbyn@example.com,FRlSo1PrqAltjlJB,xcbtwbyn
104,orilfuxo@example.com,bwW6KuQmTnZU7azK,orilfuxo
105,ayleurqb@example.com,xRSf4tf0EeKm5PbU,ayleurqb
106,hvniiyqm@example.com,7qOr3KvMzRauyM3B,hvniiyqm
107,drqrcnxp@example.com,TAQAcMYV3CPWy8x0,drqrcnxp
108,fquqteet@example.com,LNAmruvCrUIgEtM1,fquqteet
109,rgvqlmwl@example.com,omBA8XgOUOfOgdVi,rgvqlmwl
110,combvjkd@example.com,reMrbeQ1jNHV1E2k,combvjkd
111,xszfwfnz@example.com,z7Zwtko4QjXkfIX7,xszfwfnz
112,hkbjdryx@example.com,Ey3h7loXML6vIbqu,hkbjdryx
113,qazzbrne@example.com,KHRIgpasWAxwjRiY,qazzbrne
114,mjmwupuy@example.com,c4lVMykbqdk78F6A,mjmwupuy
115,qbduntmo@example.com,8JsrZaA8MUvAMlpw,qbduntmo
116,tikwwibi@example.com,p6VXUKSZQAgTYcXZ,tikwwibi
117,zfoiskso@example.com,52yGfXXXtUKkLBby,zfoiskso
118,urflepkp@example.com,StgveipQJEIrFHIr,urflepkp
119,ahabsqjq@example.com,n15U8nMaQhV8pUEJ,ahabsqjq
120,kxndggab@example.com,BVcamnbKfQzkcvIH,kxndggab
121,vcqpjejv@example.com,DIW3Yv399OgsOL4A,vcqpjejv
122,zpiujrls@example.com,Smmh9a1se9qOwnhW,zpiujrls
123,zmtfswhz@example.com,TQKXagdgg3KL2gRL,zmtfswhz
124,hlmzgebm@example.com,lEvMPvMh83LUkzjz,hlmzgebm
125,wwqhbvfw@example.com,1ef0HXxTSX1L3Xyv,wwqhbvfw
126,dqmzpauw@example.com,SYsvLXpOR2GmpvKM,dqmzpauw
127,ijylijph@example.com,xuf08qCXDDOhposZ,ijylijph
128,rhdzicfx@example.com,cZNcIMsmLS6FuC2e,rhdzicfx
129,vwsbdztm@example.com,bvuggqQJCqk1h0Ea,vwsbdztm
130,bffndbkk@example.com,sFxTlzUiM7thGqxu,bffndbkk
131,ysowzqpd@example.com,scD5uhPOt4nHzwr0,ysowzqpd
132,zpwhpwce@example.com,4wV15hC2x6Ay8EeX,zpwhpwce
133,wmkctvqi@example.com,4aDoPOmkqzzXyUfP,wmkctvqi
134,qbykeohy@example.com,kNpzsOJag6X7nXys,qbykeohy
135,ugousxnp@example.com,4sYqfoqTPefdey8i,ugousxnp
136,lksvosyt@example.com,QIm8A93bj1DW5sJB,lksvosyt
137,vzowzbgw@example.com,zwHUwcCMgaM8tnGv,vzowzbgw
138,ozzvzqpm@example.com,6wHw4z40UXow0xfI,ozzvzqpm
139,yigaxzlv@example.com,W1obL2Y3cD9iEP22,yigaxzlv
140,ypfxzafh@example.com,rieIfcD8cSGg7q6B,ypfxzafh
141,jmylkiau@example.com,3vkzGwPlWy1lWalM,jmylkiau
142,xdfzooyi@example.com,yJWojkfGBuD8iz71,xdfzooyi
143,ntytkwtb@example.com,5LGJoU8HH7hxQ0eg,ntytkwtb
144,pvtjszng@example.com,JlZy5Nua1QbFyXU2,pvtjszng
145,ycsaxszk@example.com,K1bRWaogJOMirvPW,ycsaxszk
146,ohsvvgwx@example.com,NXTfb21mSV7shH85,ohsvvgwx
147,unhpazxi@example.com,1Eq0mwvjnCVlMpGC,unhpazxi
148,kdhuworm@example.com,JDIFK773kZfzQrQD,kdhuworm
149,jtgkfysm@example.com,JF4g32ZRQg8h8gwO,jtgkfysm
150,dpbbisvi@example.com,gQzsP3RX9E6a4xzQ,dpbbisvi
151,noxudtkn@example.com,bbbN93wc4WmyuawL,noxudtkn
152,mlzzomcr@example.com,mfFB4IKVjUF9Uabb,mlzzomcr
153,urhyhypc@example.com,En7xVUiRkA4gvNpN,urhyhypc
154,eukwhrxd@example.com,iCS8lG8ym4sfCXaH,eukwhrxd
155,sfzoicui@example.com,uJujVi6rUPZlhB19,sfzoicui
156,ajoccsbr@example.com,tmoe2JYDuY30alVz,ajoccsbr
157,nngfuywu@example.com,uEEejmQwApunxQyc,nngfuywu
158,amcraacq@example.com,96sRwhLOPseLTQ3z,amcraacq
159,asjerxje@example.com,zdoO50eb5DKG8PIB,asjerxje
160,zzisunwa@example.com,yO36A6jaZFQfJNAG,zzisunwa
161,nxefsqys@example.com,Syx5p4fuD6K9DIF8,nxefsqys
162,vnvrsfol@example.com,Wa9P7od32AyQyYfA,vnvrsfol
163,hmqizvqb@example.com,egkY65ToJX1VtlN0,hmqizvqb
164,sxubstng@example.com,Au0QKY0kvhoLo2oQ,sxubstng
165,xnzpmpoy@example.com,ainsvt80pSbo5wXF,xnzpmpoy
166,tpxjrfpi@example.com,Ha0um7jyOXhoAI4j,tpxjrfpi
167,rqkyaqkf@example.com,MlGWMqiJ2CiN6Qc7,rqkyaqkf
168,anvwtdex@example.com,NAm27vPok7hryJUD,anvwtdex
169,cmwzxudh@example.com,cqc5BHlMh9Lh87Jm,cmwzxudh
170,wivqtvks@example.com,QSaKFZAkSEXi5BpA,wivqtvks
171,vkypxoah@example.com,Y7IMu8jGCu39cYDj,vkypxoah
172,udpjjjel@example.com,49T3F2tlSrP4V9VR,udpjjjel
173,uhajmfsh@example.com,KoavoB9DMV8lYqdy,uhajmfsh
174,jvijdabc@example.com,rrikxMFonE0TAff3,jvijdabc
175,ezkgqdmh@example.com,wOzvxbiS63fcUffL,ezkgqdmh
176,tzakcyhv@example.com,u7mYGAPvygkGGrkG,tzakcyhv
177,msooupsi@example.com,Io6hcKu6XOi3iMgt,msooupsi
178,xapjwnjo@example.com,6DcX4Jnvm0UONxvi,xapjwnjo
179,nigetjlr@example.com,6VytMIeFeJdHoDM3,nigetjlr
180,udsxjdjm@example.com,Q5C9QLXpevi4PUyM,udsxjdjm
181,zmalenno@example.com,Pghm9RtmBrghs9gX,zmalenno
182,qpurbjhq@example.com,BhE1PDCwqPq2zbdU,qpurbjhq
183,jzydqfpq@example.com,CT33WOwqlsT4AqL7,jzydqfpq
184,xhnwxotb@example.com,wt4ASpYkRkHNBGkU,xhnwxotb
185,mzdtwdoo@example.com,0v54mbUh1lLnMhA6,mzdtwdoo
186,xkvbnfuh@example.com,265Ie7E5cSq5ySmf,xkvbnfuh
187,tffchrgo@example.com,8x119mrfZ6DZ816r,tffchrgo
188,malekgbp@example.com,wL8MRQmgFthSw0Gd,malekgbp
189,cdebttzt@example.com,B5P4yy7B3xpcMtaJ,cdebttzt
190,vurrodki@example.com,4MuLRPesChFDcafb,vurrodki
191,iumvsvev@example.com,ddP6JztAGkSFf6oh,iumvsvev
192,dprzfamy@example.com,sFlz0uMN8VQ7hXkn,dprzfamy
193,gojmfqgh@example.com,0hVxg3vZQ9vRWLRS,gojmfqgh
194,ocmpseca@example.com,8RitohGKIF9CxuDM,ocmpseca
195,srmkqkcf@example.com,IrsBfzmbQGJEHhEq,srmkqkcf
196,nsyuzdwb@example.com,v5h1Bt7lp1NY7BxO,nsyuzdwb
197,cytgccvd@example.com,6rex6xt600uAiazB,cytgccvd
198,mxyyksix@example.com,EkW9XsqlNz9ckISr,mxyyksix
199,qrvukajz@example.com,365Y4Z1ovap8Rbt6,qrvukajz
200,rrryasub@example.com,DPAcLsbMyPNihRWG,rrryasub
201,vswusvmv@example.com,i67Nv7yHoJlgCRhB,vswusvmv
202,pluanbdd@example.com,KSxOLhOwFVhUInbP,pluanbdd
203,fmqvsyha@example.com,qqVdk2HQlwn0ONqw,fmqvsyha
204,kgevuhsh@example.com,iadsdRw3AgSbNwq2,kgevuhsh
205,scyoztug@example.com,y2U0wvI6VeAwHMho,scyoztug
206,tmhqytgi@example.com,5Fy286OghvgymOXq,tmhqytgi
207,suisyziz@example.com,dGttKZey7XzxZd8v,suisyziz
208,ixhvzxdl@example.com,XC122odeHtAOfPky,ixhvzxdl
209,wqaguodj@example.com,kXtlaCVuoeBncNJd,wqaguodj
210,gipxpqsn@example.com,CtpihvGA3XcKcLAX,gipxpqsn
211,ygkjlbmn@example.com,LBydcRwzJpVvQaIa,ygkjlbmn
212,ekgilmwk@example.com,6NAMtRZQ6tPgf3BF,ekgilmwk
213,bzsgzdiq@example.com,fpuP8CvD9Zp8ZARV,bzsgzdiq
214,zpjzylqh@example.com,zoxuxIV1VTfVBeGr,zpjzylqh
215,qleogdbl@example.com,6taHPwztaB7U7wbP,qleogdbl
216,xlfgnqns@example.com,yDClDCL41VUkgjXh,xlfgnqns
217,ewrzxsrf@example.com,XbQGTm6JGla0VhVb,ewrzxsrf
218,tidzhivv@example.com,8AVhO1VOKC990zdT,tidzhivv
219,exfoqhnt@example.com,avN9XRote6xbv1Sz,exfoqhnt
220,khlwqjnm@example.com,zOTF0Da3jqd6pSht,khlwqjnm
221,vbhakxao@example.com,5aMb9pKju6WMFJls,vbhakxao
222,xvsllkby@example.com,U3sI5Pml4jsgdX4d,xvsllkby
223,yvndiuff@example.com,TXBEE0cmZxP63niC,yvndiuff
224,vbpbssnz@example.com,ffzNHJVwqzIvnrRc,vbpbssnz
225,anawzgbi@example.com,qu7zPrEnJ3M6RrDq,anawzgbi
226,dwcwfjto@example.com,Piv5KE2AOGOQLkGJ,dwcwfjto
227,tqcievqk@example.com,bUuEYPwehl4vdZ2h,tqcievqk
228,ajrjimmc@example.com,dhwPXQ40bAZ3FrIB,ajrjimmc
229,npkmwzag@example.com,3OMrB2ZyNflW5sUL,npkmwzag
230,qucjhjyi@example.com,uziWgvT7xdd2XzRP,qucjhjyi
231,psvvrzxb@example.com,soLyCO9tFmkFrVnW,psvvrzxb
232,foyhzzbg@example.com,5sTCIibCJFBaqkWo,foyhzzbg
233,igblbagc@example.com,055J1vBsra4w4N2S,igblbagc
234,alepmpsw@example.com,fkvVD6LErwhCOXhA,alepmpsw
235,orizcnch@example.com,BJ6IhK4nZmVGRH3E,orizcnch
236,wahhiorg@example.com,ThoVzAI7qooYCuKw,wahhiorg
237,gzkvoooc@example.com,v6CMCTx7iLlC5nSK,gzkvoooc
238,fkicgtce@example.com,FxnDrxvvJu70H58u,fkicgtce
239,sssdorqc@example.com,SSpEnE4K5BCBo0Py,sssdorqc
240,bbdpwroj@example.com,r9LbLwGhZ67ywx5S,bbdpwroj
241,ksjveqfc@example.com,tYZwokeYwbkxbjgu,ksjveqfc
242,sckqxxne@example.com,8uu1XOFDxaULZP7v,sckqxxne
243,dhlvdgys@example.com,CSDMvdlPQVDulFqO,dhlvdgys
244,mzudnbpg@example.com,P3LhO3aGTuKlI7ic,mzudnbpg
245,zcvydtyc@example.com,wmFiMIIg36yDfao8,zcvydtyc
246,qbyoaovu@example.com,sCcYoVyyeRpqqpoY,qbyoaovu
247,vvugzbbf@example.com,qYpX2iSpAhOfH7Xc,vvugzbbf
248,copezczn@example.com,dVLeO1vKAXMlUTEK,copezczn
249,phujhzqv@example.com,lHJkZkUMDoy9rLLq,phujhzqv
250,kajsrxqm@example.com,d3lDRdoLkc5AElJv,kajsrxqm
251,jlxwdjnf@example.com,lR3j9ohdU5I5QMj4,jlxwdjnf
252,iacjkusz@example.com,4KUKmcaivCr697wG,iacjkusz
253,bwntsbfh@example.com,DJOJoid6lYWddxXX,bwntsbfh
254,vxzjddzx@example.com,vNlfNl3HaEysLTJq,vxzjddzx
255,zgehyiue@example.com,MmJsu9yiadm0Glh8,zgehyiue
256,wrhortzv@example.com,8P8eNpJJHRFlW2sC,wrhortzv
257,cykqcmlc@example.com,UYi08ndWvqAPMOii,cykqcmlc
258,gvvopcuh@example.com,h1Gk7SeoSR9VEGVi,gvvopcuh
259,qxcfkqkh@example.com,hGrQDcx5tr2CpAi2,qxcfkqkh
260,nkxkhhcq@example.com,oywXPEOTlIuHFuJV,nkxkhhcq
261,dkfzdkoj@example.com,DJPF1PoNk14uqrLQ,dkfzdkoj
262,atctzcdt@example.com,H8N218aSrOzgXWEK,atctzcdt
263,bkilsids@example.com,xzjSoHFNCC1loZJ5,bkilsids
264,fhuvblrr@example.com,CL6U60H61RYd6fmM,fhuvblrr
265,rtxslspz@example.com,l9HfKM2j3Ikrpu1k,rtxslspz
266,czamxdnq@example.com,fNcK7wkgFwlloWZo,czamxdnq
267,ssusocro@example.com,qhtlYXNkTvIeaS05,ssusocro
268,vvcweorq@example.com,2WZRVPaKGYI9oldB,vvcweorq
269,ikraunyu@example.com,BV5cdFfN4E2sXBcj,ikraunyu
270,failnzpq@example.com,LVLoNZMIgwyCAlrO,failnzpq
271,yotfbkhv@example.com,scg1CmcGCI1EGY0Q,yotfbkhv
272,nptgkpns@example.com,ZVp9J9Z07JCVyUaN,nptgkpns
273,qmanyklo@example.com,flw1DeHDaaFVy6HC,qmanyklo
274,eneyphfz@example.com,dSkMfe0PGhulj2l3,eneyphfz
275,qqnldxzf@example.com,TXrCismjggZwJq8a,qqnldxzf
276,cgrurrli@example.com,q4pbVdATGnhj8Rjd,cgrurrli
277,xdueaqeh@example.com,gPQFwH1UWMiqrOom,xdueaqeh
278,dxmcyzow@example.com,KKEaBbERKKjiaeDM,dxmcyzow
279,xjfltycc@example.com,B4bGjV1pIwU8Gd3a,xjfltycc
280,wvoxmtik@example.com,yxXuIoPXnRS8Y9Mx,wvoxmtik
281,bulllene@example.com,NhHWWbJJRhP71xBs,bulllene
282,ecuvptim@example.com,tKwNRPG8lixE0eta,ecuvptim
283,mclkbcva@example.com,pLmy8b0m7NAvOqqO,mclkbcva
284,fgrxdvyk@example.com,7eY4fLHeAcFaxqGo,fgrxdvyk
285,xigwzmwo@example.com,MlqGDIHyEv4SfHKZ,xigwzmwo
286,noylcicn@example.com,ydsin2WltGji9Nh0,noylcicn
287,oepxwkkm@example.com,V5KTgfabemBt00Jo,oepxwkkm
288,gudduxpg@example.com,utdVwJE9dJqvqKNH,gudduxpg
289,nfxzytvd@example.com,hnwMRwXfAWXUyFdj,nfxzytvd
290,hcfyiqbm@example.com,lxH8MJC0oynxnGbt,hcfyiqbm
291,qmsqeyba@example.com,LWDojl54T1iEMyS6,qmsqeyba
292,qehiccil@example.com,05ZwquBW2alVZozt,qehiccil
293,efysitzp@example.com,9mDDNbYTJVPQudHG,efysitzp
294,iwyzepoi@example.com,Jbyr60eHjzhiZFfh,iwyzepoi
295,fojpfefx@example.com,0Vfc1lIqTRRk5xAW,fojpfefx
296,ljrliskr@example.com,cKg98DUkmbE3c3dh,ljrliskr
297,tkmxkrdz@example.com,j8lJqub3Ns4kDaUk,tkmxkrdz
298,cedzorpl@example.com,eEujwvTvCSfKT7Ir,cedzorpl
299,fpdybwit@example.com,cFZcToXw5gSPtvKw,fpdybwit
300,dhftydyh@example.com,9Vzp4HfKJREID1dn,dhftydyh
301,tbnvosbt@example.com,dMj66E8HQtxs3Dhl,tbnvosbt
302,iwojsrxp@example.com,tV80S3U5vHjGEDMB,iwojsrxp
303,diveypro@example.com,Aq26MGL9SIuwOJMv,diveypro
304,mkctriru@example.com,1eOqcesf6BBzik11,mkctriru
305,phautbyg@example.com,eev7gdq8nrm3MreV,phautbyg
306,cnazjocm@example.com,5I9nqdhAhg3Q5R1f,cnazjocm
307,hcbdebhb@example.com,jfcM3TMAFg5kbIRx,hcbdebhb
308,sutyvuao@example.com,aNcpJgN4iymID4zq,sutyvuao
309,murzuksk@example.com,mJVNfNZCG8BSwHFg,murzuksk
310,xearxesb@example.com,GFl6G4f3c3z0U2v1,xearxesb
311,oxbvsbxp@example.com,0yg6pOYol5aLXQGI,oxbvsbxp
312,yoabsckn@example.com,vClpMgNpuk9hXjhK,yoabsckn
313,vhyajfgt@example.com,VtgpBee9M4UxyOpE,vhyajfgt
314,iyjexdir@example.com,FJHVbD7uyrLpWWdI,iyjexdir
315,mcbxykjf@example.com,564tqPpxA3deSRji,mcbxykjf
316,borpzogf@example.com,fbEQZ9Bjonkb6uEz,borpzogf
317,ywaufozc@example.com,FBbVpEi3eH245Cjv,ywaufozc
318,mcbknqox@example.com,CMtEIcwgv3LoLbyA,mcbknqox
319,lojguphd@example.com,2U25mIWCJs4k4n28,lojguphd
320,wbbjldck@example.com,ilNd7LauITvcI5Pc,wbbjldck
321,hcqbphec@example.com,VaYjtJTmv7ZUSNr0,hcqbphec
322,ltqximbt@example.com,JHLPhPWblp5LwHDV,ltqximbt
323,dhklxphb@example.com,Mv7l9LbXshYQdvJL,dhklxphb
324,grazrvqg@example.com,pSZZzHxrGMl3Qxjc,grazrvqg
325,tdtlczjg@example.com,vlWv7S123EcUfdoE,tdtlczjg
326,ipqqjffk@example.com,ih23gIO3oSqybTrr,ipqqjffk
327,ruwflfuf@example.com,eoXeU4bqcvp4u824,ruwflfuf
328,tyoxqiok@example.com,94kfbcHJ683xCLzc,tyoxqiok
329,upghqntt@example.com,L9yefrvdtdOGttEC,upghqntt
330,xulvmaae@example.com,qW0zXskTUJg1QsIo,xulvmaae
331,kdfxheui@example.com,CgJKuYQ3lVzEgwgu,kdfxheui
332,pjcfmvzp@example.com,O8gxR2kqOU9mVPo9,pjcfmvzp
333,riqslniv@example.com,9ESFLkBBz8e3lCOH,riqslniv
334,mdzvwbgr@example.com,O4BNkNi1ur1sblFx,mdzvwbgr
335,gkexyeri@example.com,sLuUzPzQFWzu91ye,gkexyeri
336,eojjfknq@example.com,TOWTYXZYfhIvGlN4,eojjfknq
337,knotepxt@example.com,n3FVWtdUXKTERpwj,knotepxt
338,kpicdkqi@example.com,ufNYQVmJvDhK7KdH,kpicdkqi
339,mnvdwjhk@example.com,KdOFEwxIkeYAO5af,mnvdwjhk
340,nrxdfbss@example.com,n6nFNyfmgr7m9llx,nrxdfbss
341,shiueuju@example.com,F2XDpiCfkrjQnhch,shiueuju
342,ptzwfppk@example.com,IxZD0k5s6WtqGjFg,ptzwfppk
343,faasdyro@example.com,yVeMljsp4rLPNOui,faasdyro
344,davknbmz@example.com,It9XHytPR3L0U805,davknbmz
345,hwsupbyk@example.com,q4OVJn8bGKSVFYdz,hwsupbyk
346,nkqxuihj@example.com,8WKpA7IBv4Gjr7v3,nkqxuihj
347,fiboyjmp@example.com,HW7CBGvgLzDAt4rh,fiboyjmp
348,tuibpbsj@example.com,8YTMZ4fA3X2RGWvt,tuibpbsj
349,uldihbti@example.com,B8T5oSkQETxkZb8d,uldihbti
350,zoxqxtpr@example.com,u63U0xRQrrssmctE,zoxqxtpr
351,ddavtkow@example.com,tOQwWuRC4waYKFmd,ddavtkow
352,jztiaeek@example.com,aZzwfvBF2eatXnsg,jztiaeek
353,rjxmybfn@example.com,Ag0UjvXuP5N22dMf,rjxmybfn
354,euopqnqc@example.com,67gTfOzhYBs4uoi7,euopqnqc
355,wawpapae@example.com,CafsM6mo9K5DGhVy,wawpapae
356,qjupgwdz@example.com,kshCymsSgWqGWq61,qjupgwdz
357,serlifkk@example.com,bS3BGxex8W1qPpuz,serlifkk
358,mrvnycdf@example.com,yzGRGjFXaZw9czam,mrvnycdf
359,xxomlyup@example.com,zmOoAHeMbYBNAQMw,xxomlyup
360,laibnivg@example.com,tn26eRECJRXdQvVc,laibnivg
361,gcsuuqbx@example.com,D8urBf0mzjGKJsW4,gcsuuqbx
362,elppzjkm@example.com,8gjPHGc2DE1QGXrB,elppzjkm
363,jndexfmg@example.com,pxYExSnU4uCoR0lP,jndexfmg
364,vadcprrr@example.com,Eg8u65wwbun42BxF,vadcprrr
365,jxykcbnb@example.com,RoLw2eMtDmFBITZX,jxykcbnb
366,fqenbkue@example.com,yZzdngFt1FPQBdto,fqenbkue
367,ibgwirfi@example.com,Isj9YHB2R26YxWfB,ibgwirfi
368,ryxwsoox@example.com,FIgoIOLQJyk7aOSx,ryxwsoox
369,kdubmxls@example.com,1tcUEFDUnECHrbTC,kdubmxls
370,vkssogrf@example.com,BGmyfbQbTaOkalQR,vkssogrf
371,ablkyxee@example.com,8PGx9VSrEDovh3nI,ablkyxee
372,vymcdnpl@example.com,tGWWavKkrMWrOVfS,vymcdnpl
373,qismwbqh@example.com,V20xWpWEgmfMnuQR,qismwbqh
374,tcfqacsp@example.com,96INGxOMlgVp5efH,tcfqacsp
375,jcfqrcjd@example.com,VfZGDWSpzjInRT1b,jcfqrcjd
376,fdhrrdpw@example.com,crjrvRPg2UDV0A9G,fdhrrdpw
377,jqxnrzim@example.com,z9nIefOb1wG2FBN0,jqxnrzim
378,boxmpvvy@example.com,EGNONAnVQIhDDY3B,boxmpvvy
379,cpyvxanu@example.com,1Qv58MSeJDpDAGY2,cpyvxanu
380,jglyuygj@example.com,74mVLo2VaJ4wyhvO,jglyuygj
381,dupailnl@example.com,Rprk9o3qAa76dVH8,dupailnl
382,erqqfycc@example.com,fbEIvaHk0RtrsXwb,erqqfycc
383,nqioogqt@example.com,sFASoEQLKPtha5si,nqioogqt
384,zvotbuli@example.com,V6h7LePIAyW5Bgmx,zvotbuli
385,vcvsvodv@example.com,nrw2NySxOxR9qabx,vcvsvodv
386,jyonxyyw@example.com,zOJ2PwJu3u5mG6Jw,jyonxyyw
387,fhxejvjk@example.com,2Y2ZEYpMiRzKGf1c,fhxejvjk
388,krmprxmr@example.com,zX7JLEGKHSg9g1gJ,krmprxmr
389,pcrniagf@example.com,wpcTtPHFkojb0oeF,pcrniagf
390,dfqslslq@example.com,1o84Po8pbwwWORFz,dfqslslq
391,iitfcwsr@example.com,vZkjFJ0cP8a5yKlL,iitfcwsr
392,hviycjjv@example.com,lbM0SYDMaRyoeP5A,hviycjjv
393,rxtvytrh@example.com,ayNXGivTMq0RMhlQ,rxtvytrh
394,qvxxbvli@example.com,Kp4LDcsp64cJ5eyP,qvxxbvli
395,zwrvhrhn@example.com,fDdUKzrsY9fbThN8,zwrvhrhn
396,cwjadaug@example.com,TjRKcKxtpSMGKreQ,cwjadaug
397,xpxarwkb@example.com,WKaFuTaWS6KAnOcI,xpxarwkb
398,tvbrvifv@example.com,bic92qctnmaTqQMJ,tvbrvifv
399,nrmmxqhk@example.com,jKPDfGdeVc9Y5j8c,nrmmxqhk
400,nwfzxeje@example.com,krWIQpqz0HePl4Vn,nwfzxeje
401,vbemwfeb@example.com,XO1dod9kMjDKWmUo,vbemwfeb
402,aexmdqbb@example.com,w8xK7IE8gEreEotM,aexmdqbb
403,vdrsbavt@example.com,90kOo3Ag4KNZjDCG,vdrsbavt
404,pednwbxl@example.com,jVQ7rNTjweRLXws9,pednwbxl
405,uevwzvor@example.com,KaRnIfZbThR9mopI,uevwzvor
406,xrshgigf@example.com,gAihaIk5u8WkmO0B,xrshgigf
407,yavzpuan@example.com,oyvlRtbJ2MeAj5Iu,yavzpuan
408,euqsxjaw@example.com,hgOKVS2BDF9CaPet,euqsxjaw
409,quzjogif@example.com,qYtbcrwhyXR9Nfbo,quzjogif
410,frktkdrm@example.com,ABkomiI9hOup5bWY,frktkdrm
411,seirxsjp@example.com,sIXKMULda2GwHMkM,seirxsjp
412,tgziyacy@example.com,xo40TUApBrPO595w,tgziyacy
413,hypmrcna@example.com,YbvxWzAD1h5ENGMw,hypmrcna
414,bbujgqag@example.com,DhclsgdxhZqrtJJS,bbujgqag
415,luwjjhgj@example.com,KI4leE7EekW3UpRa,luwjjhgj
416,fpjawgkx@example.com,1NNp8U5CGCsaQBUk,fpjawgkx
417,mocdbcdk@example.com,8X5s5j7rU5Z9lGRF,mocdbcdk
418,toqmixzs@example.com,Vy6J12Gn6uz82Wvl,toqmixzs
419,qyfhxvhb@example.com,fA2eImLUHEto4zjo,qyfhxvhb
420,sqxquins@example.com,ptXOjpmTTC8qFmtq,sqxquins
421,zqlaolze@example.com,PdvdzUNA1utUxCIp,zqlaolze
422,cjlsfgph@example.com,dZ5BSioCjLWqMzA8,cjlsfgph
423,vcbsrxee@example.com,Kn6HyjeqcfOqILIi,vcbsrxee
424,muskvuwn@example.com,vsIfWVM0bjvkJvsy,muskvuwn
425,jiewectd@example.com,p4UKVy17YjizU5qe,jiewectd
426,rlfqkqmm@example.com,lTuqtA1ntfpcfCVA,rlfqkqmm
427,rltyudtk@example.com,BvNELa8phA5XvGAg,rltyudtk
428,mhbfyatu@example.com,KXoTIe3LPbX45zLg,mhbfyatu
429,tkbatyrx@example.com,7dsW5MG18Tkn9ok9,tkbatyrx
430,wlfaavqw@example.com,af2Cwtqs7EMM3qyR,wlfaavqw
431,duarjhxy@example.com,tm08BzeQJlnsaG1I,duarjhxy
432,lmfzgbya@example.com,eCGTEzyKQIaMPssY,lmfzgbya
433,ayfvdzaq@example.com,1o9Vrsyepntythvx,ayfvdzaq
434,zpuxrhpi@example.com,KZLxNPmDnXaKXFFr,zpuxrhpi
435,ebjjsheb@example.com,dfWpS5SrswtAh2CY,ebjjsheb
436,gvgmpsmx@example.com,nghbk1Ov9HS51J12,gvgmpsmx
437,jogpqbcu@example.com,bAZiRTv5mxjCuVTd,jogpqbcu
438,khkfuxmg@example.com,xhk8s6m861IEnBTe,khkfuxmg
439,lkkrbgok@example.com,uyq79L9visdXJA8R,lkkrbgok
440,jugtddhy@example.com,pXxxBXXrIC4PUt4y,jugtddhy
441,tstmumbo@example.com,xrtOmEmqXbVRwo2U,tstmumbo
442,angrkoyf@example.com,zY5VRWJG7eOCZmDs,angrkoyf
443,nbmwjoov@example.com,zRYzjXiWtHhBMOxg,nbmwjoov
444,mznpcabh@example.com,AasWno4iqy4kHbgg,mznpcabh
445,hpxctmpe@example.com,kEPKWLfOxw7uYobx,hpxctmpe
446,bldbejln@example.com,dFhujrxDxOawC0Fm,bldbejln
447,trbbyqal@example.com,5J8nLyL9DaEFQJ1h,trbbyqal
448,foghcock@example.com,3TB8uWsigjFFkhcz,foghcock
449,fqpckpbu@example.com,q1hgIan5pEaRaArR,fqpckpbu
450,kyorsghs@example.com,sfn2FJBkBhgSoDlA,kyorsghs
451,gbunnceg@example.com,5GL2Hkd6hgsfqd6x,gbunnceg
452,drrwxlby@example.com,Q0KY86m1o8h6t4Rc,drrwxlby
453,dtqmsejz@example.com,Ssz7fFY0ObZAot1W,dtqmsejz
454,juncimoq@example.com,ujThtX3XVrm7rOds,juncimoq
455,gmajigud@example.com,sWT4Jse3phXKwBvm,gmajigud
456,qqavgobb@example.com,60A9HnTeridiDA9v,qqavgobb
457,eatpwvlc@example.com,9C8XFj4wsp8h3eaj,eatpwvlc
458,tiwnorpp@example.com,zCti35618qo5IqSi,tiwnorpp
459,aylkseek@example.com,6Eqk4QEEoOW0Szmm,aylkseek
460,igtfvuvx@example.com,L8wErn1VPtqVfX5U,igtfvuvx
461,krwepmzm@example.com,Mmt1uIARBj7tRIuB,krwepmzm
462,kkwzddwk@example.com,OJuefO1V0HsltRHB,kkwzddwk
463,yrrelune@example.com,8Iq1Jy8r34vUbE4W,yrrelune
464,hkwxtmeb@example.com,2kP9w9sMh5pEtnzX,hkwxtmeb
465,dpxaepge@example.com,audXzIsklpKfgrZC,dpxaepge
466,txvtvdms@example.com,4FGEzSTE9FdD8PtX,txvtvdms
467,ikblfepu@example.com,YgPjK9zo01AWgmbq,ikblfepu
468,vjsvncwx@example.com,I5GSqJUBBnidfsY3,vjsvncwx
469,uzxengow@example.com,WsWzP34rqoxbqUja,uzxengow
470,xdflythu@example.com,gfnDUehor03iJfa1,xdflythu
471,zgniiuam@example.com,eD62TtvKO8MHdSLX,zgniiuam
472,jrucknei@example.com,EKLvytvlDXuaLtmn,jrucknei
473,tseujiag@example.com,Mbm524ipX7aUXK7a,tseujiag
474,ezsvlguz@example.com,hhvub740QJk56znn,ezsvlguz
475,cuaschtf@example.com,DQxQoQrceFntZKBM,cuaschtf
476,jyygaxnd@example.com,Yc3YXwogEwwBQFtY,jyygaxnd
477,oecqkdvl@example.com,LcgGk0tMKUoMSehk,oecqkdvl
478,bkvtvzjf@example.com,qce5s6pJAjcHJ9qS,bkvtvzjf
479,pwdwetze@example.com,DxE0CLnYKfSuLjIQ,pwdwetze
480,zpuomcdd@example.com,KTwkD8Fq65E5qpib,zpuomcdd
481,ngkekjdu@example.com,Ts8UKWyvTYdbXlhp,ngkekjdu
482,dwdwggob@example.com,bIvS8PRY3DX0Q1hG,dwdwggob
483,neiblskc@example.com,RpeR6CDkXwFJM2Y9,neiblskc
484,obsytcbw@example.com,u5rsd2bDNvzNPe9j,obsytcbw
485,dczyhriw@example.com,RKkwP0wmt5LVr7PE,dczyhriw
486,tlerymrc@example.com,FAbnTFiag5S2XpdT,tlerymrc
487,yoslmmfl@example.com,2WZiQpLeMjnCjvv2,yoslmmfl
488,dxfcorgd@example.com,0uwlS86JaPzXsUGx,dxfcorgd
489,aerwyuwf@example.com,FzagQSaC6dnBIvXv,aerwyuwf
490,skemipka@example.com,R8h4SJUdtEGPIOf8,skemipka
491,urkzrbqq@example.com,gE38e9XzuOqdzSX9,urkzrbqq
492,prvpmxwv@example.com,pnBlLHSK1UHjHbhV,prvpmxwv
493,cxhohipr@example.com,QvS8XxHNBdkAxbEP,cxhohipr
494,xtdeqzig@example.com,HnzIrPMyrXH0judG,xtdeqzig
495,zbnrrisv@example.com,HZpXNiEkS9wj5Prr,zbnrrisv
496,sgzmqexj@example.com,h2YfG6u2aB3Y0RDi,sgzmqexj
497,zrvdqzba@example.com,7J1U2PjWm2Of4rUr,zrvdqzba
498,kcsgsksg@example.com,I6OrRW9EnUrqVkEL,kcsgsksg
499,qspvihxd@example.com,5ahiTeAIQnm7otPB,qspvihxd
500,cfgnhpfh@example.com,oOMWs4CBzeW2RchM,cfgnhpfh
501,gpnvqcsi@example.com,kZW3XMdzhI2QgXQP,gpnvqcsi
502,nagbbwwm@example.com,Ou2ALlUG8QJwt7vl,nagbbwwm
503,gsozfflr@example.com,181VhHxLHptllEEY,gsozfflr
504,pbmkgarf@example.com,9OatIkZMsQ50S5ui,pbmkgarf
505,evyymxts@example.com,TUUcVByl3nKDSOcm,evyymxts
506,nwsbbhkr@example.com,jSUTlnL8P5oPzn2l,nwsbbhkr
507,ycilkxrs@example.com,ajJWXpL1cRjunmWA,ycilkxrs
508,wgdqarfd@example.com,1Fbd6fUZaKCbZ2Ea,wgdqarfd
509,pdbziwut@example.com,PXb2yAr7jeolUHqA,pdbziwut
510,xpqwqefn@example.com,0pL6vZNrUyw05O05,xpqwqefn
511,qthtgpgn@example.com,BxHoxiLB7xoZ1Nom,qthtgpgn
512,mlyctyoj@example.com,2pjBEUbVX2h0ki9x,mlyctyoj
513,kgmqmceh@example.com,ZFvU76fZiqTseGoR,kgmqmceh
514,sobgvpzl@example.com,o9DrIlWIJBPH7PaG,sobgvpzl
515,nyoteatq@example.com,0g8QBK1gCL3pCkat,nyoteatq
516,vgrgsgiv@example.com,s4LDcr1J1jEBz1D7,vgrgsgiv
517,rjjwgmve@example.com,P99PtbheMBPKIBsn,rjjwgmve
518,brsutbfm@example.com,wYzVz5fLZmdOoRQD,brsutbfm
519,pvqhtvqv@example.com,6GqMEDq85PAj0xir,pvqhtvqv
520,rbwdecbb@example.com,hsJ1bFtfrmuuOByy,rbwdecbb
521,nlkvmmrq@example.com,Ug9kZUrFF3NQm454,nlkvmmrq
522,lseyhbuj@example.com,oBba1God8nYU6kiD,lseyhbuj
523,fcdtiigp@example.com,OflQfppqPBue72pc,fcdtiigp
524,ndiblidh@example.com,QrAPzjBiYE0Iqt6X,ndiblidh
525,gxkkgpmb@example.com,0vYWiROibV8iBeYA,gxkkgpmb
526,utzfcrjl@example.com,aXNUQ1tYW65ZNXy2,utzfcrjl
527,qmmptlxm@example.com,nDd743lw5LyMLj0i,qmmptlxm
528,hnsnmozf@example.com,8udtiRR9GF8qZVbU,hnsnmozf
529,skkhxxpu@example.com,Tf8hQCBGEBbMBnBG,skkhxxpu
530,scttvple@example.com,7BTM6g8HfFjdoNPr,scttvple
531,vthmiauy@example.com,Nfz18VTkeoUdyrOC,vthmiauy
532,qfjhvapt@example.com,AEMwPyy8cP4ckzuJ,qfjhvapt
533,dcnmbpze@example.com,bGXTINT8ec1MXGDV,dcnmbpze
534,kiciprsq@example.com,cQthflHrAm1N7QHv,kiciprsq
535,ucycxcwe@example.com,Joj20ot9uBhwmt92,ucycxcwe
536,dsmtkhvx@example.com,VapTWKa4zUA6hDjf,dsmtkhvx
537,cqfjhcxc@example.com,SgcK7ZDfDyRBXAyZ,cqfjhcxc
538,iiqcpppo@example.com,Bi38dLYMGbQ8i0wj,iiqcpppo
539,lkfnucbs@example.com,StxdxkgB2XdesLvh,lkfnucbs
540,mtfjrshp@example.com,RputyEBp0FqwbPBw,mtfjrshp
541,waeriotp@example.com,zEtcx7FochiuoreP,waeriotp
542,azvljaon@example.com,eg9PFlOhhdQUT8Zs,azvljaon
543,xdguwfxq@example.com,heHIUQIkL2Qx1MAR,xdguwfxq
544,dvmtitvs@example.com,4kVd7JdjXjFGPWcU,dvmtitvs
545,bgvhxksa@example.com,1DtF7LSZvjSXxtsk,bgvhxksa
546,zplarjpl@example.com,FdeRrrMuNHaK4sWx,zplarjpl
547,yshmlzpu@example.com,ayqca9geQ4W3CXZO,yshmlzpu
548,pihoatit@example.com,jYWvybnsdIyh6nKI,pihoatit
549,wkwojblm@example.com,aN7od3ds7lKyiN8V,wkwojblm
550,qadudwix@example.com,cG91MxM0BkbMV1o7,qadudwix
551,sneupizw@example.com,aDh1CyZwRmRS0Ux7,sneupizw
552,ecohuyxm@example.com,IYRAUhuEvP0RTgAQ,ecohuyxm
553,iqchzwqj@example.com,6uX3RL64HY7ugQ6d,iqchzwqj
554,ugyaomih@example.com,OVJm3Ehi2edr3Kvh,ugyaomih
555,xefxxaji@example.com,UUufaTRprQPwZHtI,xefxxaji
556,twgckzhe@example.com,dWuXcXKU5QR1kWBP,twgckzhe
557,jbrntobz@example.com,0PDrCUp9SQKVlaJU,jbrntobz
558,igcjoykh@example.com,14TaaGBubeP7vV2R,igcjoykh
559,bbtfsupa@example.com,fCMRtIrPyItfGfnG,bbtfsupa
560,axiisawt@example.com,EuFOOSQ5OK0RSUP5,axiisawt
561,rqlnjuvp@example.com,0zlGqHsREBLUXQCC,rqlnjuvp
562,xleoeihc@example.com,aIvNTtvhmFtCMpWc,xleoeihc
563,ovxqgujf@example.com,bhjcnhRDlLZ5BwRJ,ovxqgujf
564,iykltujd@example.com,svOgJxCe0jqPyr1U,iykltujd
565,cdifedpi@example.com,srEGmOuzwqR1WQsn,cdifedpi
566,tnnbeqet@example.com,X7XwQoprBYDdlloF,tnnbeqet
567,crqiazsq@example.com,faaggSRAMAXGNi63,crqiazsq
568,vaxraeys@example.com,kF9JD65afJh0Q3Ve,vaxraeys
569,yrchwtlm@example.com,jbQiD7MEqYZSrbop,yrchwtlm
570,nvdgupaj@example.com,uYalTaY55nIINzNq,nvdgupaj
571,jjmxssdo@example.com,ZACecxjsnyu4Sri5,jjmxssdo
572,aucwcngx@example.com,w4c8JjvO1S5LE5Zh,aucwcngx
573,lkxzkkei@example.com,v5MNbg4Wo959ohzR,lkxzkkei
574,ccdvprkr@example.com,tQUVAZt6gGZLiXXF,ccdvprkr
575,lolxdkft@example.com,jvyBr7D8RekqMpBC,lolxdkft
576,svunmiyj@example.com,6huu3Pwcu9shw5ZI,svunmiyj
577,nlzguunf@example.com,BV1RUFrmj9uNKDUs,nlzguunf
578,vfkzqxrp@example.com,GZOZNjLw8Yvsq9R3,vfkzqxrp
579,plmecddw@example.com,CWg96UJ4hEb67g7w,plmecddw
580,yfuqnlyr@example.com,jWNnOlw65vmval3W,yfuqnlyr
581,tcmvzrrz@example.com,CTH42SRMpQZQVESB,tcmvzrrz
582,dwwcjdvo@example.com,tKULxlGXjF7GlkRX,dwwcjdvo
583,wmqjeeqn@example.com,64NhhyezMrxkiDBN,wmqjeeqn
584,caovxcbm@example.com,HZUfUKleu1QSOzLo,caovxcbm
585,nxwhltaj@example.com,N3wOcrDFb79DtQAd,nxwhltaj
586,eycmmimi@example.com,DbdcrZus2gCNxr02,eycmmimi
587,tfzuzcvf@example.com,39B8WBmAEAYYG08t,tfzuzcvf
588,exrydrkg@example.com,hyOVpbueHN1dJUMy,exrydrkg
589,ghwdrrcd@example.com,JW0Lky8motnN598V,ghwdrrcd
590,smqykcko@example.com,KptEwMlOdh4SM0ta,smqykcko
591,khywkglw@example.com,CAe2mTleXxDQdWSG,khywkglw
592,cweprngo@example.com,0KKSkun1Ml0rdpmj,cweprngo
593,ywflevdf@example.com,zMH3jYxMTXv8QGsm,ywflevdf
594,jxuqgaqu@example.com,2yRaR3avWAsLZtot,jxuqgaqu
595,oxrvobnz@example.com,6Z5hCr3kkOjVDe64,oxrvobnz
596,rmqzptac@example.com,GJ2CCSYT6JVIRT5C,rmqzptac
597,oflibfrk@example.com,gmy6BcoZl8G7bPWo,oflibfrk
598,nwexbhne@example.com,TAPXdnxDC0YuyrcI,nwexbhne
599,qlqhlhdf@example.com,shdcMhfvabsz0HGM,qlqhlhdf
600,bssrfisz@example.com,KGObz0yZPSPDRgTu,bssrfisz
601,ipkhaujn@example.com,sEscVNxlmN1AGnGB,ipkhaujn
602,qontufxf@example.com,N6Q4QnbBJ50SM1gt,qontufxf
603,csyfuhhi@example.com,xdxMsCdl62rtseyS,csyfuhhi
604,ctkkyiad@example.com,Dg3tezNGi9eolWb5,ctkkyiad
605,zuwykare@example.com,khBERDG8LFB3RSPp,zuwykare
606,dmffugys@example.com,OJHdJm6oEApWfdSO,dmffugys
607,qbxlvrjd@example.com,tlJmLZlp7o2ket4m,qbxlvrjd
608,hkvcqvsv@example.com,jdyj7QMpkbMwmGfc,hkvcqvsv
609,sjgwqsqm@example.com,a0nYO5tAH9QcwGPF,sjgwqsqm
610,tyeqiefg@example.com,RchWjSFLsNH386gQ,tyeqiefg
611,fodltnix@example.com,Y7xoCvfcpNNQ3xA8,fodltnix
612,varanbls@example.com,Ve3958tjf1dwNNUt,varanbls
613,muqmvhrq@example.com,zag7OKMbH6pZZHyL,muqmvhrq
614,koiubegh@example.com,gLC11Mvl3jfc142e,koiubegh
615,dbeygmzx@example.com,O0bX4O7BDEmz1Fgw,dbeygmzx
616,zehzzvdt@example.com,P1RVPu2hdkvPfhjy,zehzzvdt
617,qumlladb@example.com,xzCQU2qFf2UfEmAa,qumlladb
618,ixepktzq@example.com,DZjCwacWw6lZDDYX,ixepktzq
619,odmpasfj@example.com,5A6CGwbIJkT3Mj6a,odmpasfj
620,gljazvcr@example.com,65FtDheWqQi6GXD9,gljazvcr
621,wkuyecep@example.com,tjvkOKBmC6SZShdj,wkuyecep
622,umcygsqw@example.com,G3XUx85KxuuA21jE,umcygsqw
623,rsmdhudx@example.com,5xNmaZKKBcCwoodZ,rsmdhudx
624,dseppoix@example.com,iV6nCqmIqMlZAVbK,dseppoix
625,dniellbh@example.com,XFPJXFz43uZh8Ly7,dniellbh
626,dctuidqh@example.com,8suMNM23G5mRUjKx,dctuidqh
627,pmsscpjy@example.com,cyvJf1c1OJJ0wQKL,pmsscpjy
628,ezjscizo@example.com,bekjuUX7EpnUcfZA,ezjscizo
629,vivzfxkl@example.com,jyjZFcWdpLlnAsFg,vivzfxkl
630,dgewotyw@example.com,NZXNFyRgp3CZ6q5O,dgewotyw
631,pqecnxce@example.com,fNiqEUCuNVS5TBii,pqecnxce
632,calxnkhr@example.com,qjyk1uXqugFmDHPR,calxnkhr
633,wbkcfwdz@example.com,i8bSmhU3dKf414Eg,wbkcfwdz
634,hhrpatdx@example.com,TqQnek8pbWi6xt2u,hhrpatdx
635,yddrhvup@example.com,JzE6quQ6B7bfsQZ5,yddrhvup
636,xsrpicac@example.com,sfW0pUjvoaRfANxN,xsrpicac
637,feucwzud@example.com,E3qLVU5DLQTH7QnO,feucwzud
638,dmjajyff@example.com,XqQWsboQPXmxdvJP,dmjajyff
639,jzkyiwfr@example.com,wh2jLtHxQuekArdG,jzkyiwfr
640,rejthawe@example.com,gngNGe7mhDVUbsUF,rejthawe
641,xwmblzbc@example.com,Pl0RitxZSIFdLiZD,xwmblzbc
642,tsilclqt@example.com,I5z6xomyuSWz8GIa,tsilclqt
643,xajkwqxm@example.com,cbY5kbrdXQWwclIT,xajkwqxm
644,fxvvxjfd@example.com,eXoqMMttNJqMvlBj,fxvvxjfd
645,wepwghjn@example.com,VoKJu7nwcRJoAP0R,wepwghjn
646,jqmqfedv@example.com,NZ0bgHfTW1n7zgda,jqmqfedv
647,mnrxaoti@example.com,q7SNGl35s85Tocol,mnrxaoti
648,hpckuigf@example.com,VyblznzxHqWHgMPu,hpckuigf
649,xdaorpig@example.com,6tFjIKvJhhZ4f2cQ,xdaorpig
650,cuektywc@example.com,kndBtvbs66xpjZRJ,cuektywc
651,cpxbkndd@example.com,hN5wVC7g4hrjJLhq,cpxbkndd
652,epezpwfk@example.com,NcDy1Xy9se5RfCmd,epezpwfk
653,cautgqwq@example.com,QX6agNq5SJwsvoJI,cautgqwq
654,vtsrliem@example.com,63PsLGmwxCeiBbe7,vtsrliem
655,mgtrqlmv@example.com,6Zky2hQseN12IkNx,mgtrqlmv
656,yfwfqava@example.com,Aaa4XDbgV5fKlkis,yfwfqava
657,jcewjhlp@example.com,PyM9eCDpohbEjbQg,jcewjhlp
658,nzuylmzm@example.com,9LGAqLdw2aV3XjeY,nzuylmzm
659,jpihewbx@example.com,xsvO3pjPNy7eTTJn,jpihewbx
660,grwyhhrj@example.com,53NuS2Ernuw50Pbo,grwyhhrj
661,jrxhjbcr@example.com,aHr4blBsGL7vBxmi,jrxhjbcr
662,ytrvpnwr@example.com,aUfJaqYJVDLj5FHR,ytrvpnwr
663,mfwijuwl@example.com,i5OG0hC87D9oewQ9,mfwijuwl
664,odhrihmq@example.com,wMSasFQOuHVdfNw3,odhrihmq
665,epizunyg@example.com,3p2R7uJHFB64Jmth,epizunyg
666,djzzpltg@example.com,oItT6xicZufeixdA,djzzpltg
667,rzruuqpp@example.com,flhBy0mYKUBTkVac,rzruuqpp
668,imdhifux@example.com,boqpG3mSU3e64Z5R,imdhifux
669,kwdlwwdf@example.com,PVABnDMfsxhyirR4,kwdlwwdf
670,hhfdzbia@example.com,Rh8V28l7TUVw1cOJ,hhfdzbia
671,lgewhwjj@example.com,whwgCHxRM6Q2YxXk,lgewhwjj
672,gzndyxnc@example.com,nVI6SDMUCYefFXaT,gzndyxnc
673,ftpkxyey@example.com,U9652SvkD842ukqf,ftpkxyey
674,ogfzyqjp@example.com,LCmQgQtXMsp1ojDs,ogfzyqjp
675,rahbazny@example.com,7XFVgshtnYqRgaK2,rahbazny
676,gnvddryt@example.com,94FvmykHcWh2yJ8J,gnvddryt
677,frdrmpir@example.com,NLbOWMPrlYfQC8x9,frdrmpir
678,yushrpow@example.com,g8bIvakJcKh7IttU,yushrpow
679,tbhyrrqx@example.com,mCJskWdHB8pwiK58,tbhyrrqx
680,xjmxgpnx@example.com,YwjZlSuDxjNO6O7t,xjmxgpnx
681,qehmjyzr@example.com,2zoNoyYh8ORLrbvb,qehmjyzr
682,fsmafchx@example.com,MtpK9WGSA2gHdAGL,fsmafchx
683,lzpcfuve@example.com,f5MIvfNh2eJ1KTVT,lzpcfuve
684,flndamqm@example.com,0W7SXpToLacJLO3q,flndamqm
685,szsdjuft@example.com,eFLzNFAQsWjMsF6R,szsdjuft
686,ygrewqfk@example.com,zlog0aDQBw8XVIO3,ygrewqfk
687,mbrceqyz@example.com,QrRnAZNrAcIqLeAD,mbrceqyz
688,jkjncrou@example.com,UJW1QymoE4koFkEo,jkjncrou
689,qirwvcxh@example.com,v0rax0LQbH3Ivvqx,qirwvcxh
690,ssrccuqo@example.com,nyT2rTtEyoc2vzgs,ssrccuqo
691,ytiwrdbi@example.com,Q8aOzb1BAvq8mY01,ytiwrdbi
692,bovzkeba@example.com,oL6X4K6k5NsgFrsa,bovzkeba
693,ilifzsfk@example.com,LvpAr9cXzgTI4rYQ,ilifzsfk
694,zwelyjgq@example.com,W4F5rxmpm1jydvS9,zwelyjgq
695,aawqunur@example.com,hzBxeK1c7ftn29t0,aawqunur
696,rmrqlkyx@example.com,xvk21fxnDHFxwW1J,rmrqlkyx
697,hjmqoogq@example.com,FEI5OMLRKGY07mTt,hjmqoogq
698,ydvjmymo@example.com,RK2GZ5qAVFM4dJAF,ydvjmymo
699,rzpiuues@example.com,AfDBlaULdZxxr0u7,rzpiuues
700,hzhrqgav@example.com,CdFvuUZv3iY5iXkJ,hzhrqgav
701,lznwhmzr@example.com,ERsvsPNNQl1vTGCp,lznwhmzr
702,tvuklpvq@example.com,bT8TM5DLPBVesCbh,tvuklpvq
703,chhdeges@example.com,USqLN3gK3OTKGqdY,chhdeges
704,apwofzzn@example.com,Fy7nU6RRgCib0yRT,apwofzzn
705,qhwmiylh@example.com,7oT1wr9I6rP225n4,qhwmiylh
706,yvaukaom@example.com,4IgY8qERfgebjAzr,yvaukaom
707,jyaphsau@example.com,hdWSydCkVEuAMKot,jyaphsau
708,tmlkpuzc@example.com,R7tZJBRmN1tW497y,tmlkpuzc
709,sdrrqfrz@example.com,a3BgUpagpF2kTKtN,sdrrqfrz
710,gcadfnid@example.com,xiholCYM2GGMCxS0,gcadfnid
711,mcrdgulj@example.com,PNXZ1FPUyuBmqZ5o,mcrdgulj
712,pyskvnfx@example.com,l3EluZpfLuWYz8Al,pyskvnfx
713,szmosnbh@example.com,WlpDG4gHJXvyWjga,szmosnbh
714,rjoucuxp@example.com,hpbKXXxeD7ne90Rn,rjoucuxp
715,hfczhlww@example.com,8TAQY8vsBKD2jz0h,hfczhlww
716,jgxvnfzj@example.com,hEKZGk14Fgwb7mXB,jgxvnfzj
717,gcmghppy@example.com,6EskpRhzvIC25arK,gcmghppy
718,xkdyuont@example.com,93ODS34tSO6Qr74s,xkdyuont
719,cfkdaivw@example.com,zHX4ytkSIGYJiE13,cfkdaivw
720,hknbrhxo@example.com,pTl4eQMib0m7uz4H,hknbrhxo
721,zgjsfwdp@example.com,p99PAJR4iSYZsHpS,zgjsfwdp
722,lecjbtca@example.com,IwgCto3BmMJUTsfW,lecjbtca
723,ptxxmlnt@example.com,K30d6oSzttV3Ji01,ptxxmlnt
724,bzvexbeq@example.com,QhDHylAsY6VANsgZ,bzvexbeq
725,wceaqyei@example.com,COWEMIRHMTkDz3Ly,wceaqyei
726,wycxfeay@example.com,5aNySaiNIs598XPD,wycxfeay
727,hxyuypib@example.com,7wTII9dctjKd1dyr,hxyuypib
728,sbbdqhnj@example.com,G25ZueFWqpW5sUBH,sbbdqhnj
729,dpdkavnd@example.com,GuiEFOMeuwcz2brv,dpdkavnd
730,ynvsltli@example.com,mpPRL3nKZBz6op3I,ynvsltli
731,jgwqymnh@example.com,SjHiu3xtC99GpDUG,jgwqymnh
732,vpluijdv@example.com,AA8iZmeK0oj8B2yS,vpluijdv
733,twxqixub@example.com,JLYRICOMWCfpypun,twxqixub
734,jhmpvswm@example.com,FCsLml9AAslw5ZTd,jhmpvswm
735,ktvqowah@example.com,UQTFnyWhUrjMtaZq,ktvqowah
736,zzmphsut@example.com,VnteK5tfaJtAvjMj,zzmphsut
737,kunynyfv@example.com,xGuCKH1b8LDUQsbY,kunynyfv
738,rfyxlfxf@example.com,O6Tp2bJ65OpekleM,rfyxlfxf
739,gaphavul@example.com,l5KDTLSnMlEVlxuS,gaphavul
740,fnplogyc@example.com,2rybaqm5izzOV8ZA,fnplogyc
741,cbtqdhqm@example.com,AMVn65J7TCcLWtVg,cbtqdhqm
742,soqejhbj@example.com,iWLaebQX6hEGYqGo,soqejhbj
743,obdiyfah@example.com,ZSEO0BES97wrTbWk,obdiyfah
744,rhnkxrbo@example.com,C2bseFlwbb0uu498,rhnkxrbo
745,csxohsei@example.com,PG4nd2DphYlU7p8p,csxohsei
746,wlyxbwog@example.com,3RpiR8gzB3zyAB0f,wlyxbwog
747,crumielh@example.com,zM15L3SJcdrnpK6X,crumielh
748,gatnwodp@example.com,kWeT47LA8XiXW3wX,gatnwodp
749,hknceohv@example.com,js9Dv4hTQmNeu3Ow,hknceohv
750,cehdghre@example.com,Yp5pbfyPG0d9Vn6m,cehdghre
751,chyueild@example.com,3iREch7bJSPmgZad,chyueild
752,gsdojysi@example.com,53Pq8BWFGKWwGBrk,gsdojysi
753,ptqxsxbc@example.com,YjPxAkJ5wcP36NBi,ptqxsxbc
754,xjfhshaq@example.com,3AJygtCxDuTeECRu,xjfhshaq
755,vmqwhdav@example.com,RxTAdkrTAirF8d8h,vmqwhdav
756,lcrnskkc@example.com,UtRthCXtL82AdUV1,lcrnskkc
757,oyaobesu@example.com,mfDD2xR5BvFx150l,oyaobesu
758,dinlkqxn@example.com,9ddpcmSA5OkcliZl,dinlkqxn
759,vesvpyci@example.com,OLHOuSlq0sppXCIK,vesvpyci
760,jlcqlwfx@example.com,s7FOY3rhw2Vx5mos,jlcqlwfx
761,tdynapnl@example.com,0G4FoBFLGHUnkx6N,tdynapnl
762,gyhvrvpk@example.com,N4x0TXSNefzMX3qy,gyhvrvpk
763,qakubnok@example.com,eUwrm8kS5UAOJPEW,qakubnok
764,aypzrcaj@example.com,iClJ4dLqjZgqP4uv,aypzrcaj
765,cahdthct@example.com,A8m0zD9LnrXpJ8aV,cahdthct
766,pahgvdyr@example.com,ymEMVR8ZMK1iqTb2,pahgvdyr
767,toxatsrs@example.com,nKSZD9aBMuuge29d,toxatsrs
768,yzpfgxfx@example.com,kP9kZf7VeuYjmNPC,yzpfgxfx
769,gnyehrhe@example.com,34KZtoH3xHmxDzlf,gnyehrhe
770,engmxcaf@example.com,lL0f9vIaHsA4vsZ1,engmxcaf
771,ieoknyme@example.com,QPuJXP765vwMvNdu,ieoknyme
772,upeoyuus@example.com,e9wupqdeM5AGb6dl,upeoyuus
773,smlvkcll@example.com,jiyegMtKEEIFcaun,smlvkcll
774,mbedvkhx@example.com,ojVL9zfWyThG8fXR,mbedvkhx
775,ntmniwii@example.com,bshktiTXuOsF95VV,ntmniwii
776,wuwffipf@example.com,Q5CwUEb0uW3wJ05M,wuwffipf
777,jcbgagfd@example.com,hyGuy5XHj1Zq6jQx,jcbgagfd
778,jbzvzkce@example.com,eNDxFOF8WFTJZekO,jbzvzkce
779,zcpyhewe@example.com,xSserxa9CNYtBoDE,zcpyhewe
780,kiqnbocw@example.com,X20R8UBwNrPJQ86G,kiqnbocw
781,bvycqjlq@example.com,PhsXgMPlzrsBqEEF,bvycqjlq
782,fhelijzx@example.com,nW0T1ZEmcxCGb5xW,fhelijzx
783,koodones@example.com,aGIMpeHKIirVtgyf,koodones
784,zdhypqtx@example.com,E3JhSIzJXQGvUVgX,zdhypqtx
785,zmjnokti@example.com,X6WCIGblk3Tq4JfU,zmjnokti
786,sifluckh@example.com,4sVcwPAxLZ0SxWqK,sifluckh
787,wvtuvjvj@example.com,LlIJqPFjWlPZLppC,wvtuvjvj
788,tjxmcwli@example.com,MbNryFCQfzKpCFpy,tjxmcwli
789,kmflmcwm@example.com,BROZhdingtp87MXV,kmflmcwm
790,pxwzfhzv@example.com,A6weOWXJBm1rJ1nI,pxwzfhzv
791,jfiakopz@example.com,aWYklpHvQfZM1vey,jfiakopz
792,xfkzufor@example.com,wrtDdIGSsB6Q4XMk,xfkzufor
793,qhnibigw@example.com,vG4yNozCxMErrep1,qhnibigw
794,dbktcpas@example.com,Gk9yT4fV01saTzKw,dbktcpas
795,vevmtdoq@example.com,XyOVTT4ndajYFM92,vevmtdoq
796,lzdskvan@example.com,9IjUf5S6H771iiJW,lzdskvan
797,ybqcdpvm@example.com,cl3X0RLyTWjmlQC2,ybqcdpvm
798,zjfeixep@example.com,FSkLOZCigLrklkp2,zjfeixep
799,ljelgvzm@example.com,4r3L30u2HsXyXrmi,ljelgvzm
800,ugxcflsw@example.com,7es2Z0u2drSValnb,ugxcflsw
801,ydnqpsse@example.com,Vv66NPBQT2RKs1Yi,ydnqpsse
802,anstfbip@example.com,zXKHPmXU40kthp9f,anstfbip
803,wbvoridi@example.com,rsttOHYV1JZnthsr,wbvoridi
804,rqcmdoeo@example.com,QWISBUGJ0yUousD2,rqcmdoeo
805,ozrpomsc@example.com,G9TCy0LXxP75xo10,ozrpomsc
806,gyuqduls@example.com,bfsscBlkQH1Nml5D,gyuqduls
807,qyetxlcx@example.com,ypq9qkSV470M4Lqg,qyetxlcx
808,pwdoyeqi@example.com,je9MbZQ2qVkn4Z6p,pwdoyeqi
809,aguuikxo@example.com,ch6nOKdJJE1LkCPK,aguuikxo
810,fcuncszg@example.com,gw9Tcm5ZIIL6GUWi,fcuncszg
811,zkhxwkfe@example.com,yKSXZcoi9l6Tiit9,zkhxwkfe
812,pvzishle@example.com,5HLPDKyVfpUp5eKr,pvzishle
813,nllczgad@example.com,2BeYOF1KVH1N8H83,nllczgad
814,scjzhxfy@example.com,mZnPEg1UX3laTqQP,scjzhxfy
815,rbsyomxe@example.com,8XJKbsypn40RVV6x,rbsyomxe
816,nvukkhzn@example.com,Y18bj8SCOLTY4fy7,nvukkhzn
817,gwnbgkav@example.com,42FyR7Gm6YnGbFfF,gwnbgkav
818,fhwzmxow@example.com,8QYSIfxuuU8i9MaR,fhwzmxow
819,weteamcy@example.com,RRhtTdKnoQxxu1Gf,weteamcy
820,znzogwjq@example.com,fmOsQYOkZEkk2kay,znzogwjq
821,mqnthrgo@example.com,w40SLmoZslD6PGzb,mqnthrgo
822,hbbsyqit@example.com,0EhrFhRf5iuNGDes,hbbsyqit
823,eljatjpb@example.com,DHQE4yO9BBHA09Ad,eljatjpb
824,qvubtdoj@example.com,pL00A3eebhXljCeq,qvubtdoj
825,kbrgrkyy@example.com,jEopdkglOWK2uqSb,kbrgrkyy
826,ennutccc@example.com,tX1zBQH8iPnSR28e,ennutccc
827,zphvmphh@example.com,SBo0cHnX8CEXfVt0,zphvmphh
828,ngcyoncw@example.com,3y9xuxEa0r2d7lem,ngcyoncw
829,qxccmpzp@example.com,4unKYAddLYHZ100R,qxccmpzp
830,xyjiextv@example.com,bqxofzZmAWkTFX4P,xyjiextv
831,ellxumbz@example.com,rGzZZbgWEVum5X1q,ellxumbz
832,rxpmpuei@example.com,65HH69bfxCPjMVjq,rxpmpuei
833,spyebpch@example.com,QZihUsgjwG2rMcuz,spyebpch
834,edubimtg@example.com,S0pjdllUEmW8QIS0,edubimtg
835,bvuvkahd@example.com,dQLKrkdg5mIomszq,bvuvkahd
836,nxwauiks@example.com,jk1E4SHMMQRzdUSJ,nxwauiks
837,yyihqakp@example.com,s7xr5ElrZqLcw7XB,yyihqakp
838,oicrbxbi@example.com,RSFBnKZjS3kQcRTd,oicrbxbi
839,obixhacn@example.com,HgMsjgZE7ir9KhdD,obixhacn
840,tpkmlocx@example.com,rtEhoVN3sCo8UG2Y,tpkmlocx
841,cydclwsg@example.com,wtxOlMBNHAbxZF23,cydclwsg
842,lookzxny@example.com,NIpqKPrrwsNprQAn,lookzxny
843,yhzcxrbs@example.com,cst9pVNBtEJrp4kt,yhzcxrbs
844,mxvqypad@example.com,Y6YLWqeg8ZLdf5Ih,mxvqypad
845,wjfyqcjy@example.com,lFSshYanvU74RWlg,wjfyqcjy
846,wkptoioz@example.com,GaLzq5GVL7OfCh1r,wkptoioz
847,ijpkonwy@example.com,rzgCMXU065HxJw9s,ijpkonwy
848,vskqvmcx@example.com,oqB35ooww9JVm1fU,vskqvmcx
849,hoyndpsv@example.com,LRoxycUQNr9nLJKL,hoyndpsv
850,ksggtlto@example.com,M4r3T6veNt2O1e78,ksggtlto
851,muztyejn@example.com,cnpKhBQ2F6ImbmVS,muztyejn
852,qdoncrgy@example.com,5eyPghWJCmgh9I0s,qdoncrgy
853,ticttwav@example.com,PidEf7PWqVjSb1Ef,ticttwav
854,xbnuwwhg@example.com,FNcS4zgVUql0Ovz3,xbnuwwhg
855,vebnnwwa@example.com,kzxsqVU09sTttw4G,vebnnwwa
856,laabknho@example.com,L2n9nk9U88YS0Tpu,laabknho
857,bpuhwxlu@example.com,buPMXXZmAoaIvKyU,bpuhwxlu
858,wlgnrmcd@example.com,TMukEL0j3VbPHPP9,wlgnrmcd
859,hwzvpjfr@example.com,ce8VevmEoGMWMf8U,hwzvpjfr
860,immvzgot@example.com,wMTdb2HnsFrJuHpP,immvzgot
861,vlhqjzvl@example.com,t19LcGDwx4TPXC0h,vlhqjzvl
862,dlqxohcz@example.com,YJ26spSVlQwdVO2U,dlqxohcz
863,aitcvvin@example.com,DZkNJIuDjXBrRkLo,aitcvvin
864,wcizqgrr@example.com,pYRMW2gDIpwdjrbu,wcizqgrr
865,dnxxeglv@example.com,zfGR645G9xIHPeWN,dnxxeglv
866,ejeritjb@example.com,t4kPLkAvxabxJoSm,ejeritjb
867,nijfonlz@example.com,p5OL5cii81oc9TtR,nijfonlz
868,tskkguqg@example.com,KfWPZI2MXLALz3tz,tskkguqg
869,cagwmzjb@example.com,qgNqRLDLOxkoIAXL,cagwmzjb
870,bfekvmos@example.com,bggriFRbZliW29PL,bfekvmos
871,fyvmszxv@example.com,BHhuo2vADBXQp8U1,fyvmszxv
872,bukhcilk@example.com,HAsFDAjYVT9OWhuP,bukhcilk
873,fnihtmxq@example.com,OadAJfe1hBNrKR3A,fnihtmxq
874,fzutlhbi@example.com,REaXsjRHzbADsaa1,fzutlhbi
875,jrjvoawx@example.com,kjjuwZS2RDQDGXH0,jrjvoawx
876,kahmvqha@example.com,8uMF4IO5ahwc3ofJ,kahmvqha
877,xjghebwf@example.com,Ceyu0AD29wVwl666,xjghebwf
878,qmijwils@example.com,F1H8fmYkEUSqyXhx,qmijwils
879,riacnuqr@example.com,9sdwiB9ZIejJ1c7k,riacnuqr
880,cepbbtvl@example.com,d9vnpyjXIqjJv1re,cepbbtvl
881,ncugljjv@example.com,5UXIl2MTiRDCXBGB,ncugljjv
882,utzemjsj@example.com,8gLsXtUoAs2xva5z,utzemjsj
883,mqoafbjy@example.com,52V48yFHLhMXCu7d,mqoafbjy
884,qqlctvde@example.com,bsg4WLi59FjoHmcM,qqlctvde
885,waspztxb@example.com,c69FXzzMzp2G0Zch,waspztxb
886,qarpmusz@example.com,KL48AQIRe1XcwSDU,qarpmusz
887,glhymgdo@example.com,wg1QQXObbft9k9le,glhymgdo
888,umzozisw@example.com,gM1z28d1ZxwsBlYv,umzozisw
889,ibrdkyda@example.com,CwD9YySrzT0JJcDn,ibrdkyda
890,sfydquml@example.com,kdh0LiCPAEw4ekzx,sfydquml
891,jdybkoil@example.com,BQdCiUodT1UrkpGp,jdybkoil
892,oppbdlqo@example.com,EoQwL4H2qiSN461D,oppbdlqo
893,fhaybdqs@example.com,fbI9dvvNHm1Ll2mL,fhaybdqs
894,unfejear@example.com,jbdX4o6dH1SRpqjY,unfejear
895,wpidsmav@example.com,iv0N4wMT41jw632D,wpidsmav
896,nzsmzsdk@example.com,0spgZfzb6fvrfzjy,nzsmzsdk
897,svahlwlm@example.com,uU6cBKimQAWdHhlr,svahlwlm
898,zyiuihao@example.com,0IGhOcRNCWcH3oEH,zyiuihao
899,bxfrmvac@example.com,V3vOonGhcBPU7Lv8,bxfrmvac
900,bfegyisk@example.com,1Z78VEMuBFKgvjSS,bfegyisk
901,iaihewqx@example.com,ZQtxBXWvdPPsvxPT,iaihewqx
902,nbbaonor@example.com,oSezwq8WriBn8zIU,nbbaonor
903,lyexeote@example.com,0jgEMviVZqw2Bij2,lyexeote
904,tfpomoer@example.com,y1amLgoQOCqbAejn,tfpomoer
905,kccreykf@example.com,ODOuRiuxR0qHIFyD,kccreykf
906,xcqwnnec@example.com,DsYptjdeSB3YMKct,xcqwnnec
907,kjfgvpfc@example.com,dK57pq8pqznB9vfO,kjfgvpfc
908,ohjcwivg@example.com,81X8GQcpnYMu3XEd,ohjcwivg
909,ywrioder@example.com,uJMXMWFlN8dMik7U,ywrioder
910,irrmddym@example.com,yFZFG0mOC9R0MCxF,irrmddym
911,wjpayodx@example.com,UACgjrCeBX9Yz8Kj,wjpayodx
912,seqhpzez@example.com,zcMuay2RT248KTES,seqhpzez
913,gsldedoe@example.com,WIf6AO1OJOEGtBKy,gsldedoe
914,bytrzyyp@example.com,8bEgjTT6Flk4SdG5,bytrzyyp
915,criubtyf@example.com,vCWSIXfcsqnJtt67,criubtyf
916,ubkvtcjx@example.com,3ktw28ONPzEJCHp7,ubkvtcjx
917,schhoirw@example.com,GIPlQ8gEBbiTzXLW,schhoirw
918,ytbcroor@example.com,pxB3icI88wK6He9w,ytbcroor
919,umhdzdjj@example.com,MrgRPr8pGF27527m,umhdzdjj
920,nqqjblkb@example.com,Gh1oqwxotgXvbRXg,nqqjblkb
921,ygwokpia@example.com,j4kfxqccD50BVYgw,ygwokpia
922,epkgqcer@example.com,tBNGVTSdkpsThKiQ,epkgqcer
923,sjdxqxht@example.com,JvxVD2v7sr7kXsTH,sjdxqxht
924,jzpcfrfm@example.com,vTM4SZFmU4GQ0oCu,jzpcfrfm
925,rcyzzvov@example.com,TzliRSl0y5r9q3cS,rcyzzvov
926,kqzvvkdo@example.com,6wj6NDJJkOuZuxUm,kqzvvkdo
927,uttmrcrm@example.com,YLLX5jJaE5r49Dsz,uttmrcrm
928,irydczsp@example.com,pGHyXghqM7VTn8uM,irydczsp
929,mlpwgsxo@example.com,J0zOBquigAytLdWj,mlpwgsxo
930,tdxzzhvm@example.com,WocZCTQNYc0b6Xsr,tdxzzhvm
931,uavyjwro@example.com,gQRqmwIbLfRnglSd,uavyjwro
932,teaowame@example.com,5Y4Y9jq7voQduDQD,teaowame
933,pvvuyvcm@example.com,pbcBnxScjFl1Lp0U,pvvuyvcm
934,rayqhvur@example.com,gp2rTxMikws6E7Fa,rayqhvur
935,saogjqpd@example.com,GbBVuCKDaQZBnVlz,saogjqpd
936,fclrsmis@example.com,EMos3sst0aVWATUd,fclrsmis
937,nmsetdbw@example.com,LxqPs4QEuWKfDJwz,nmsetdbw
938,uxwxxwsf@example.com,Dd71AkiW114AnWJs,uxwxxwsf
939,jjuualza@example.com,78jqITPTPLZaWmoB,jjuualza
940,bxhpspqc@example.com,gxXKvrbATykst1ua,bxhpspqc
941,hpwmdnjv@example.com,hfRjO0hgsuL6dssP,hpwmdnjv
942,hsairgdg@example.com,4m8kpiezn61blrNC,hsairgdg
943,yhtnglgh@example.com,xVR931ZMQL0JPysu,yhtnglgh
944,ycjjtqde@example.com,MkiJvha2NWfzlKLv,ycjjtqde
945,vozmyixv@example.com,qbFK4www4fb9ESbE,vozmyixv
946,weymminr@example.com,hpThsYiKVKjWe8bf,weymminr
947,sqdfaoei@example.com,zGxTe2cykMU5BuCU,sqdfaoei
948,dkdramkx@example.com,OFTWUZEMabWXhUjh,dkdramkx
949,kdcobsmx@example.com,v6YtNbRt6VGk1116,kdcobsmx
950,gtmyknsx@example.com,Ck1uquxpMLwZAGZF,gtmyknsx
951,hdkkudji@example.com,3WxNPf8IxifbFbsF,hdkkudji
952,qgomviyi@example.com,a5IsdTpqsmokIHp8,qgomviyi
953,hrjyggfh@example.com,HZmCPV8sHKFnxkV1,hrjyggfh
954,srhqlryf@example.com,FZP207vPtNNjPb7w,srhqlryf
955,dfkabtdo@example.com,Z2WSNSfBgp4R3d2g,dfkabtdo
956,ubecypwb@example.com,JKO0J0szzjuE7sut,ubecypwb
957,jqkbcdlv@example.com,Wy2zEk9ZxVo4ciwy,jqkbcdlv
958,rnbrdgml@example.com,ABMIVh9DI40M0hf1,rnbrdgml
959,fljhwexf@example.com,R6rKAxuVJz1PxD2E,fljhwexf
960,gcuxzprk@example.com,WVXTcISWYDUJIyT9,gcuxzprk
961,hddscnmp@example.com,ZtLwFFs8hjnXoWj5,hddscnmp
962,cgczzman@example.com,ARNXjoundpPwr0y8,cgczzman
963,wdgpnqve@example.com,DtOvdrqUaC976cli,wdgpnqve
964,bqfjgytd@example.com,2V4lS9eCAVN1fwZT,bqfjgytd
965,ygqdagkr@example.com,a9HmNN0Mw4U4YvSH,ygqdagkr
966,fpxdeyct@example.com,CaNvNGAuK0zAmOSQ,fpxdeyct
967,cgpsgxwj@example.com,dCdSpaPdQ8Bfu6ZM,cgpsgxwj
968,xhtscrea@example.com,G1xRxrNpkYqKKU7g,xhtscrea
969,txivbuwe@example.com,ROJqq6CfRcr2qwJi,txivbuwe
970,qsxblymw@example.com,zLpADO1S2m86cC9O,qsxblymw
971,ekgvxnoa@example.com,T2HEwCbM1KVNK72L,ekgvxnoa
972,ogzwruxf@example.com,EO6AcLJShxp2SzGB,ogzwruxf
973,wzhrfmtq@example.com,GF6BVWbUyly86SQb,wzhrfmtq
974,hyunnnci@example.com,MM4Hf0Pma7rFLBfL,hyunnnci
975,khlsxuhv@example.com,EQX5JyNt57K6PGhL,khlsxuhv
976,fpuhlypv@example.com,OhnxCXIPF7snHN3D,fpuhlypv
977,xufayukj@example.com,inegNesn5quxvkiX,xufayukj
978,bdzjxurk@example.com,UzUwke8582hfk3YP,bdzjxurk
979,irpllghf@example.com,JeStQvlfh5QsXsC3,irpllghf
980,fzcyyzcm@example.com,srSaP7NUq4mEtYbc,fzcyyzcm
981,rryqtiuh@example.com,kVyDG0JJJiFc9hsF,rryqtiuh
982,fmljccff@example.com,qpKnRWSK45GSAdD0,fmljccff
983,pcyakdey@example.com,q6d8brXIRPo7dKja,pcyakdey
984,geyuwxtl@example.com,LMFioT1wuH8qzP67,geyuwxtl
985,xazfnxym@example.com,OOPVDodoHUr1PJ4r,xazfnxym
986,xkuexacj@example.com,WAGduYZlNIKlhVoP,xkuexacj
987,czaqhtsf@example.com,TxcjxvHa3rMMmGJu,czaqhtsf
988,gpnpfzvj@example.com,kiZ8pPFcpDh83czL,gpnpfzvj
989,etwgrfpv@example.com,IPj3WQnvThxHofbp,etwgrfpv
990,tbxlhkzw@example.com,OJ1l1avEQ8XA5DYp,tbxlhkzw
991,tgmhwnyh@example.com,PtZMYVLQEHXIdjpT,tgmhwnyh
992,imztscrt@example.com,oPR7ZIEJcRZIjsMh,imztscrt
993,itesohru@example.com,iD6smUG8JliipwBi,itesohru
994,mgqablip@example.com,5e9opmC0rYsKIca6,mgqablip
995,dykcukug@example.com,iKxdOB83oeaeDhbs,dykcukug
996,dcnmnbvy@example.com,IP0yKEtaJAATebkg,dcnmnbvy
997,ippfxhrm@example.com,FSUlmFyALHNelU2q,ippfxhrm
998,yxtdboii@example.com,AY1NQ8ix5jV8s7l2,yxtdboii
999,qdydvcfn@example.com,DnwxpDDcISpZ5fI7,qdydvcfn
1000,vugwtxln@example.com,yraYixXtKf79lmfu,vugwtxln
